<?xml version="1.0" encoding="UTF-8"?>
<project-private xmlns="http://www.netbeans.org/ns/project-private/1">
    <editor-bookmarks xmlns="http://www.netbeans.org/ns/editor-bookmarks/2" lastBookmarkId="1">
        <file>
            <url>admin/upload.php</url>
            <bookmark id="1">
                <name/>
                <line>79</line>
                <key/>
            </bookmark>
        </file>
    </editor-bookmarks>
    <open-files xmlns="http://www.netbeans.org/ns/projectui-open-files/2">
        <group>
            <file>file:/C:/xampp1/htdocs/BD_P3_MongoDB/admin/search.php</file>
            <file>file:/C:/xampp1/htdocs/BD_P3_MongoDB/admin/edit.php</file>
        </group>
    </open-files>
</project-private>
