<?xml version="1.0" encoding="UTF-8"?>
<root>
    
<date>
    <nume>111</nume>
    <parola>222</parola>
</date>
<date>
    <nume>222</nume>
    <parola>333</parola>
</date>
<date>
    <nume>sss</nume>
    <parola>aaa</parola>
</date>
<date>
    <nume>sss</nume>
    <parola>aaa</parola>
</date>
<date>
    <nume>aaa</nume>
    <parola>sss</parola>
</date>
<date>
    <nume>aaa</nume>
    <parola>sss</parola>
</date>
<date>
    <nume>aaa</nume>
    <parola>sss</parola>
</date>
<date>
    <nume>aaa</nume>
    <parola>sssssss</parola>
</date>
<date>
    <nume>aaa</nume>
    <parola>sssssss</parola>
</date>
<date>
    <nume>aaa</nume>
    <parola>sssssss</parola>
</date>
<date>
    <nume>aaa</nume>
    <parola>sssssss</parola>
</date>
<date>
    <nume>aaa</nume>
    <parola>sssssss</parola>
</date>
<date>
    <nume>admin</nume>
    <parola>admin</parola>
</date>
<date>
    <nume>io</nume>
    <parola>io</parola>
</date>
<date>
    <nume>ionut</nume>
    <parola>ionut</parola>
</date>
<date>
    <nume>aaaa</nume>
    <parola>bbbb</parola>
</date>
<date>
    <nume>mar</nume>
    <parola>mar</parola>
</date>
<date>
    <nume>mar</nume>
    <parola>mar1</parola>
</date>
<date>
    <nume>mar</nume>
    <parola>mar2</parola>
</date>
<date>
    <nume>marr</nume>
    <parola>marrr</parola>
</date>
<date>
    <nume>admin</nume>
    <parola>admin</parola>
</date>
<date>
    <nume>mar</nume>
    <parola>1111</parola>
</date>
<date>
    <nume>mar</nume>
    <parola>dddd</parola>
</date>
<date>
    <nume>admin</nume>
    <parola>111</parola>
</date>
<date>
    <nume>admin</nume>
    <parola>admin</parola>
</date>
<date>
    <nume>admin</nume>
    <parola>admin</parola>
</date>
<date>
    <nume>admin</nume>
    <parola>admin</parola>
</date>
<date>
    <nume>admin</nume>
    <parola>admin</parola>
</date>
<date>
    <nume>admin</nume>
    <parola>admin</parola>
</date>
<date>
    <nume>admin</nume>
    <parola>admin</parola>
</date>
<date>
    <nume>admin</nume>
    <parola>admin</parola>
</date>
<date><nume>ana</nume><parola>ana</parola></date></root>
