<?xml version="1.0" encoding="UTF-8"?>
<root>



<date>
    <id>2</id>
    <title>te</title>
    <image>./images/78d012659a53f52e604cd43cad6eba67Tatice-Just-Bins-Bin-white.ico</image>
    <view>view.php?id=2</view>
    <edit>edit.php?id=2</edit>
    <delete>delete.php?id=2</delete>
    <confirm>return confirm("Are you sure you want to delete this item?")</confirm>
    <back>index.php</back>
</date>
<date>
    <id>3</id>
    <title>Lalele</title>
    <image>./images/5362c2616686935a9bd9c122a7a7dc95lalele.jpg</image>
    <view>view.php?id=3</view>
    <edit>edit.php?id=3</edit>
    <delete>delete.php?id=3</delete>
    <confirm>return confirm("Are you sure you want to delete this item?")</confirm>
    <back>index.php</back>
</date>
</root>
